,Unnamed: 0,name,time (z),launch date,description,net,window_end,window_start,probability,holdreason,failreason,name.1,type,rocket,configuration,full_name,mission,description.1,name.2,name.3,latitude,longitude,location,name.4,download query range,downloaded data,github,launch or scrub
0,0,Falcon 9 Block 5 | Starlink Group 4-22,14:20,7/17/2022,The launch vehicle successfully inserted its payload(s) into the target orbit(s).,2022-07-17T14:20:00Z,2022-07-17T14:20:00Z,2022-07-17T14:20:00Z,,,,SpaceX,Commercial,,,Falcon 9 Block 5,,A batch of 53 satellites for Starlink mega-constellation - SpaceX's project for space-based Internet communication system.,Low Earth Orbit,Space Launch Complex 40,28.5619412,-80.577357,,Cape Canaveral,07/17/2022 1020Z - 07/17/2022 1420Z,"915, 48, ampslow, merlincg, tower",https://github.com/miscpeeps/bravo-wx-launch/tree/main/raw-data/20220717-launch,launch
1,1,Falcon 9 Block 5 | Starlink Group 4-21,13:11,7/7/2022,The launch vehicle successfully inserted its payload(s) into the target orbit(s).,2022-07-07T13:11:00Z,2022-07-07T13:11:00Z,2022-07-07T13:11:00Z,,,,SpaceX,Commercial,,,Falcon 9 Block 5,,A batch of 53 satellites for Starlink mega-constellation - SpaceX's project for space-based Internet communication system.,Low Earth Orbit,Space Launch Complex 40,28.5619412,-80.577357,,Cape Canaveral,07/07/2022 0911Z - 07/07/2022 1311Z,"915, 48, ampslow, merlincg, tower",https://github.com/miscpeeps/bravo-wx-launch/tree/main/raw-data/20220707-launch,launch
2,2,Atlas V 541 | USSF-12,23:15,7/1/2022,The launch vehicle successfully inserted its payload(s) into the target orbit(s).,2022-07-01T23:15:00Z,2022-07-02T00:00:00Z,2022-07-01T22:00:00Z,,,,United Launch Alliance,Commercial,,,Atlas V 541,,Two US national security payloads. The first is the Space Force's Wide Field of View (WFOV) Testbed satellite,,,28.5834103,-80.583036,,Cape Canaveral,07/01/2022 1915Z - 07/01/2022 2315Z,"915, 48, ampslow, merlincg, tower",https://github.com/miscpeeps/bravo-wx-launch/tree/main/raw-data/20220701-launch,launch
3,3,Falcon 9 Block 5 | SES-22,21:04,6/29/2022,The launch vehicle successfully inserted its payload(s) into the target orbit(s).,2022-06-29T21:04:00Z,2022-06-29T23:04:00Z,2022-06-29T21:04:00Z,,,,SpaceX,Commercial,,,Falcon 9 Block 5,,Geostationary communications satellite,Geostationary Transfer Orbit,Space Launch Complex 40,28.5619412,-80.577357,,Cape Canaveral,06/29/2022 1704Z - 06/29/2022 2104Z,"915, 48, ampslow, merlincg, tower",https://github.com/miscpeeps/bravo-wx-launch/tree/main/raw-data/20220629-launch,launch
4,4,Falcon 9 Block 5 | Globalstar-2 FM15 & USA 328-331,4:27,6/19/2022,The launch vehicle successfully inserted its payload(s) into the target orbit(s).,2022-06-19T04:27:00Z,2022-06-19T04:27:00Z,2022-06-19T04:27:00Z,,,,SpaceX,Commercial,,,Falcon 9 Block 5,,Launch carrying a spare Globalstar-2 satellite. Four other payloads were detected after deployment,,,28.5619412,-80.577357,,Cape Canaveral,06/19/2022 0027Z - 06/19/2022 0427Z,"915, 48, ampslow, merlincg, tower",https://github.com/miscpeeps/bravo-wx-launch/tree/main/raw-data/20220619-launch,launch
5,5,Astra Rocket 3 | TROPICS-1,17:43,6/12/2022,Either the launch vehicle did not reach orbit,2022-06-23T02:44:13Z,2022-06-12T17:43:00Z,2022-06-12T18:00:00Z,2022-06-12T16:00:00Z,,,https://ll.thespacedevs.com/2.2.0/agencies/285/,Astra Space,Commercial,,Astra Rocket,3,TROPICS-1,,,28.4584,-80.5284,,Cape Canaveral,06/12/2022 1343Z - 06/12/2022 1743Z,"915, 48, ampslow, merlincg, tower",https://github.com/miscpeeps/bravo-wx-launch/tree/main/raw-data/20220612-launch,launch
6,6,Falcon 9 Block 5 | Nilesat-301,21:04,6/8/2022,The launch vehicle successfully inserted its payload(s) into the target orbit(s).,2022-06-08T21:04:00Z,2022-06-08T23:33:00Z,2022-06-08T21:04:00Z,,,,SpaceX,Commercial,,,Falcon 9 Block 5,,Nilesat 301,Communications,https://ll.thespacedevs.com/2.2.0/pad/80/,28.5619412,-80.577357,,Cape Canaveral,06/08/2022 1704Z - 06/08/2022 2104Z,"915, 48, ampslow, merlincg, tower",https://github.com/miscpeeps/bravo-wx-launch/tree/main/raw-data/20220608-launch,launch
7,7,Falcon 9 Block 5 | Transporter 5 (Dedicated SSO Rideshare),18:15,5/25/2022,The launch vehicle successfully inserted its payload(s) into the target orbit(s).,2022-05-25T18:35:00Z,2022-05-25T19:24:00Z,2022-05-25T18:27:00Z,,,,SpaceX,Commercial,,,Falcon 9 Block 5,,Transporter 5 mission is a dedicated rideshare flight to a sun-synchronous orbit with 59 cubeSats,,,28.5619412,-80.577357,,Cape Canaveral,05/25/2022 1415Z - 05/25/2022 1815Z,"915, 48, ampslow, NO merlincg, tower",https://github.com/miscpeeps/bravo-wx-launch/tree/main/raw-data/20220525-launch,launch
8,8,Atlas V N22 | CST-100 Starliner Orbital Flight Test 2 (OFT-2),22:54,5/19/2022,The launch vehicle successfully inserted its payload(s) into the target orbit(s).,2022-05-19T22:54:47Z,2022-05-19T22:54:47Z,2022-05-19T22:54:47Z,,,,United Launch Alliance,Commercial,,,Atlas V N22,,This is the second uncrewed test flight for the Starliner spacecraft. Reflight of the OFT mission will allow Boeing to demonstrate readiness of the spacecraft and implement corrections to the problems which were found during the first OFT flight.,Low Earth Orbit,Space Launch Complex 41,28.5834103,-80.583036,,Cape Canaveral,05/19/2022 1854Z - 05/19/2022 2254Z,"915, 48, ampslow, NO merlincg, tower",https://github.com/miscpeeps/bravo-wx-launch/tree/main/raw-data/20220519-launch,launch
9,9,Falcon 9 Block 5 | Starlink Group 4-16,21:27,4/29/2022,The launch vehicle successfully inserted its payload(s) into the target orbit(s).,2022-04-29T21:27:10Z,2022-04-29T21:27:10Z,2022-04-29T21:27:10Z,,,,SpaceX,Commercial,,,Falcon 9 Block 5,,A batch of 53 satellites for Starlink mega-constellation - SpaceX's project for space-based Internet communication system.,Low Earth Orbit,Space Launch Complex 40,28.5619412,-80.577357,,Cape Canaveral,04/29/2022 1727Z - 04/29/2022 2127Z,"915, 48, ampslow, merlincg, tower",https://github.com/miscpeeps/bravo-wx-launch/tree/main/raw-data/20220429-launch,launch
10,10,Falcon 9 Block 5 | Starlink Group 4-14,17:51,4/21/2022,The launch vehicle successfully inserted its payload(s) into the target orbit(s).,2022-04-21T17:51:40Z,2022-04-21T17:51:40Z,2022-04-21T17:51:40Z,,,,SpaceX,Commercial,,,Falcon 9 Block 5,,A batch of 53 satellites for Starlink mega-constellation - SpaceX's project for space-based Internet communication system.,Low Earth Orbit,Space Launch Complex 40,28.5619412,-80.577357,,Cape Canaveral,04/21/2022 1351Z - 04/21/2022 1751Z,"915, 48, NO ampslow, NO merlincg, tower",https://github.com/miscpeeps/bravo-wx-launch/tree/main/raw-data/20220421-launch,launch
11,11,Falcon 9 Block 5 | Transporter 4 (Dedicated SSO Rideshare),16:24,4/1/2022,The launch vehicle successfully inserted its payload(s) into the target orbit(s).,2022-04-01T16:24:17Z,2022-04-01T16:24:17Z,2022-04-01T16:24:17Z,,,,SpaceX,Commercial,,,Falcon 9 Block 5,,Transporter 4 mission is a dedicated rideshare flight to a sun-synchronous orbit with dozens of small microsatellites and nanosatellites for commercial and government customers.,Sun-Synchronous Orbit,Space Launch Complex 40,28.5619412,-80.577357,,Cape Canaveral,04/01/2022 1224Z - 04/01/2022 1624Z,"915, 48, ampslow, merlincg, tower",https://github.com/miscpeeps/bravo-wx-launch/tree/main/raw-data/20220401-launch,launch
12,12,Falcon 9 Block 5 | Starlink Group 4-12,4:42,3/19/2022,The launch vehicle successfully inserted its payload(s) into the target orbit(s).,2022-03-19T04:42:30Z,2022-03-19T04:42:30Z,2022-03-19T04:42:30Z,,,,SpaceX,Commercial,,,Falcon 9 Block 5,,A batch of 53 satellites for Starlink mega-constellation - SpaceX's project for space-based Internet communication system.,Low Earth Orbit,Space Launch Complex 40,28.5619412,-80.577357,,Cape Canaveral,,,,
13,13,Falcon 9 Block 5 | Starlink Group 4-10,13:45,3/9/2022,The launch vehicle successfully inserted its payload(s) into the target orbit(s).,2022-03-09T13:45:00Z,2022-03-09T13:45:00Z,2022-03-09T13:45:00Z,,,,SpaceX,Commercial,,,Falcon 9 Block 5,,A batch of 48 satellites for Starlink mega-constellation - SpaceX's project for space-based Internet communication system.,Low Earth Orbit,Space Launch Complex 40,28.5619412,-80.577357,,Cape Canaveral,,,,
14,14,Atlas V 541 | GOES-T,21:38,3/1/2022,The launch vehicle successfully inserted its payload(s) into the target orbit(s).,2022-03-01T21:38:00Z,2022-03-01T23:38:00Z,2022-03-01T21:38:00Z,,,,United Launch Alliance,Commercial,,,Atlas V 541,,The Geostationary Operational Environmental Satellite T (GOES-T) is the third satellite in NOAA\u2019s advanced GOES-R series. It is meant to operate as GOES West and work in tandem with GOES-16,,,28.5834103,-80.583036,,Cape Canaveral,,,,
15,15,Falcon 9 Block 5 | Starlink Group 4-8,14:44,2/21/2022,The launch vehicle successfully inserted its payload(s) into the target orbit(s).,2022-02-21T14:44:20Z,2022-02-21T14:44:20Z,2022-02-21T14:44:20Z,,,,SpaceX,Commercial,,,Falcon 9 Block 5,,A batch of 46 satellites for Starlink mega-constellation - SpaceX's project for space-based Internet communication system.,Low Earth Orbit,Space Launch Complex 40,28.5619412,-80.577357,,Cape Canaveral,,,,
16,16,Astra Rocket 3 | ELaNa 41,19:00,2/10/2022,Either the launch vehicle did not reach orbit,2022-02-27T01:58:49Z,2022-02-10T20:00:00Z,2022-02-10T21:00:00Z,2022-02-10T20:00:00Z,,,https://ll.thespacedevs.com/2.2.0/agencies/285/,Astra Space,Commercial,,Astra Rocket,3,ELaNa 41,,,28.4584,-80.5284,,Cape Canaveral,,,,
17,17,Falcon 9 Block 5 | CSG-2,23:11,1/31/2022,The launch vehicle successfully inserted its payload(s) into the target orbit(s).,2022-01-31T23:11:14Z,2022-01-31T23:11:14Z,2022-01-31T23:11:14Z,,,,SpaceX,Commercial,,,Falcon 9 Block 5,,CSG-2 is an Earth observation satellite for the Italian Space Agency,,,28.5619412,-80.577357,,Cape Canaveral,,,,
18,18,Atlas V 511 | USSF-8,19:00,1/21/2022,The launch vehicle successfully inserted its payload(s) into the target orbit(s).,2022-01-21T19:00:00Z,2022-01-21T21:15:00Z,2022-01-21T18:15:00Z,,,,United Launch Alliance,Commercial,,,Atlas V 511,,USSF-8 will launch two identical Geosynchronous Space Situational Awareness Program (GSSAP) satellites GSSAP-5 and GSSAP-6 directly to a near-geosynchronous orbit approximately 36,Government/Top Secret,https://ll.thespacedevs.com/2.2.0/pad/29/,28.5834103,-80.577357,,Cape Canaveral,,,,
19,19,Falcon 9 Block 5 | Transporter 3 (Dedicated SSO Rideshare),14:25,1/13/2022,The launch vehicle successfully inserted its payload(s) into the target orbit(s).,2022-01-13T15:25:39Z,2022-01-13T15:54:00Z,2022-01-13T15:25:39Z,,,,SpaceX,Commercial,,,Falcon 9 Block 5,,Transporter 3 mission is a dedicated rideshare flight to a sun-synchronous orbit with dozens of small microsatellites and nanosatellites for commercial and government customers.,Sun-Synchronous Orbit,Space Launch Complex 40,28.5619412,-80.577357,,Cape Canaveral,,,,
20,20,Falcon 9 Block 5 | Turksat 5B,14:58,12/18/2021,The launch vehicle successfully inserted its payload(s) into the target orbit(s).,2021-12-19T03:58:39Z,2021-12-19T05:28:00Z,2021-12-19T03:58:00Z,,,,SpaceX,Commercial,,,Falcon 9 Block 5,,T\u00fcrksat 5B is a geostationary communications satellite. It is tasked with providing broadband telecommunication services to customers across Turkey,,,28.5619412,-80.577357,,Cape Canaveral,,,,
21,21,Atlas V 551 | STP-3,10:19,12/7/2021,The launch vehicle successfully inserted its payload(s) into the target orbit(s).,2021-12-07T10:19:00Z,2021-12-07T11:04:00Z,2021-12-07T09:04:00Z,,,,United Launch Alliance,Commercial,,,Atlas V 551,,Rideshare mission with the STPSat-6 satellite and six secondary payloads for the US Air Force. STPSat-6 carries the NNSA's Space and Atmospheric Burst Reporting System-3 (SABRS-3) payload and NASA's Laser Communications Relay Demonstration (LCRD) experiment.,Geostationary Orbit,Space Launch Complex 41,28.5834103,-80.583036,,Cape Canaveral,,,,
22,22,Falcon 9 Block 5 | Starlink Group 4-3,23:12,12/2/2021,The launch vehicle successfully inserted its payload(s) into the target orbit(s).,2021-12-02T23:12:00Z,2021-12-02T23:12:00Z,2021-12-02T23:12:00Z,,,,SpaceX,Commercial,,,Falcon 9 Block 5,,A batch of 48 satellites for the Starlink mega-constellation - SpaceX's project for space-based Internet communication system - as well as 2 BlackSky Earth observation satellites as rideshare payloads.,Low Earth Orbit,Space Launch Complex 40,28.5619412,-80.577357,,Cape Canaveral,,,,
23,23,Falcon 9 Block 5 | Starlink Group 4-1,12:19,11/13/2021,The launch vehicle successfully inserted its payload(s) into the target orbit(s).,2021-11-13T12:19:00Z,2021-11-13T12:19:00Z,2021-11-13T12:19:00Z,,,,SpaceX,Commercial,,,Falcon 9 Block 5,,A batch of 53 satellites for Starlink mega-constellation - SpaceX's project for space-based Internet communication system.,Low Earth Orbit,Space Launch Complex 40,28.5619412,-80.577357,,Cape Canaveral,,,,
24,24,Atlas V 401 | Lucy,9:34,10/16/2021,The launch vehicle successfully inserted its payload(s) into the target orbit(s).,2021-10-16T09:34:00Z,2021-10-16T10:49:00Z,2021-10-16T09:34:00Z,,,,United Launch Alliance,Commercial,,,Atlas V 401,,Lucy is the first mission to explore and study Trojan asteroids. The Trojans are a type of asteroids that orbit the Sun in two groups,,Helio-N/A,28.5834103,-80.577357,,Cape Canaveral,,,,
25,25,Falcon 9 Block 5 | Transporter 2 (Dedicated SSO Rideshare),19:31,6/30/2021,The launch vehicle successfully inserted its payload(s) into the target orbit(s).,2021-06-30T19:31:00Z,2021-06-30T19:54:00Z,2021-06-30T18:56:00Z,,,,SpaceX,Commercial,,,Falcon 9 Block 5,,Transporter 2 mission is a dedicated rideshare flight to a sun-synchronous orbit with dozens of small microsatellites and nanosatellites for commercial and government customers.,Sun-Synchronous Orbit,Space Launch Complex 40,28.5619412,-80.577357,,Cape Canaveral,,,,
26,26,Falcon 9 Block 5 | GPS III SV05,16:09,6/17/2021,The launch vehicle successfully inserted its payload(s) into the target orbit(s).,2021-06-17T16:09:35Z,2021-06-17T16:24:00Z,2021-06-17T16:09:00Z,,,,SpaceX,Commercial,,,Falcon 9 Block 5,,"GPS-IIIA (Global Positioning System) is the first evolution stage of the third generation of the GPS satellites. It consists of the first ten (known as \""tranche\"") of GPS III satellites.",Medium Earth Orbit,Space Launch Complex 40,28.5619412,-80.577357,,Cape Canaveral,,,,
27,27,Falcon 9 Block 5 | Sirius SXM-8,4:26,6/6/2021,The launch vehicle successfully inserted its payload(s) into the target orbit(s).,2021-06-06T04:26:00Z,2021-06-06T06:25:00Z,2021-06-06T04:26:00Z,,,,SpaceX,Commercial,,,Falcon 9 Block 5,,SXM-8 is a large high power broadcasting satellite for SiriusXM's digital audio radio service (DARS).\r\n\r\nSpace Systems/Loral (SS/L) got in July 2016 the contract to build the two satellites based on their SSL-1300 bus - SXM-7 and SXM-8. Satellite design operates in the S-band spectrum. Each satellite will generate more than 20-kW of power and will have a large unfurlable antenna reflector,Communications,https://ll.thespacedevs.com/2.2.0/pad/80/,28.5619412,-80.577357,,Cape Canaveral,,,,
28,28,Falcon 9 Block 5 | Starlink 28,22:56,5/15/2021,The launch vehicle successfully inserted its payload(s) into the target orbit(s).,2021-05-26T18:59:00Z,2021-05-26T18:59:00Z,2021-05-26T18:59:00Z,,,,SpaceX,Commercial,,,Falcon 9 Block 5,,A batch of 60 satellites for Starlink mega-constellation - SpaceX's project for space-based Internet communication system.,Low Earth Orbit,Space Launch Complex 40,28.5619412,-80.577357,,Cape Canaveral,,,,
29,29,Atlas V 421 | SBIRS GEO-5,17:37,5/18/2021,The launch vehicle successfully inserted its payload(s) into the target orbit(s).,2021-05-18T17:37:00Z,2021-05-18T18:11:00Z,2021-05-18T17:31:00Z,,,,United Launch Alliance,Commercial,,,Atlas V 421,,Fifth geosynchronous satellite of the Space Based Infrared System program (SBIRS),,,28.5834103,-80.583036,,Cape Canaveral,,,,
30,30,Falcon 9 Block 5 | Starlink 27,6:42,5/9/2021,The launch vehicle successfully inserted its payload(s) into the target orbit(s).,2021-05-09T06:42:00Z,2021-05-09T06:42:00Z,2021-05-09T06:42:00Z,,,,SpaceX,Commercial,,,Falcon 9 Block 5,,A batch of 60 satellites for Starlink mega-constellation - SpaceX's project for space-based Internet communication system.,Low Earth Orbit,Space Launch Complex 40,28.5619412,-80.577357,,Cape Canaveral,,,,
31,31,Falcon 9 Block 5 | Starlink 24,16:34,4/7/2021,The launch vehicle successfully inserted its payload(s) into the target orbit(s).,2021-04-29T03:44:00Z,2021-04-29T03:44:00Z,2021-04-29T03:44:00Z,,,,SpaceX,Commercial,,,Falcon 9 Block 5,,A batch of 60 satellites for Starlink mega-constellation - SpaceX's project for space-based Internet communication system.,Low Earth Orbit,Space Launch Complex 40,28.5619412,-80.577357,,Cape Canaveral,,,,
32,32,Falcon 9 Block 5 | Starlink 23,8:28,3/24/2021,The launch vehicle successfully inserted its payload(s) into the target orbit(s).,2021-04-07T16:34:00Z,2021-04-07T16:34:00Z,2021-04-07T16:34:00Z,,,,SpaceX,Commercial,,,Falcon 9 Block 5,,A batch of 60 satellites for Starlink mega-constellation - SpaceX's project for space-based Internet communication system.,Low Earth Orbit,Space Launch Complex 40,28.5619412,-80.577357,,Cape Canaveral,,,,
33,33,Falcon 9 Block 5 | Starlink 22,10:01,3/14/2021,The launch vehicle successfully inserted its payload(s) into the target orbit(s).,2021-03-24T08:28:00Z,2021-03-24T08:28:00Z,2021-03-24T08:28:00Z,,,,SpaceX,Commercial,,,Falcon 9 Block 5,,A batch of 60 satellites for Starlink mega-constellation - SpaceX's project for space-based Internet communication system.,Low Earth Orbit,Space Launch Complex 40,28.5619412,-80.577357,,Cape Canaveral,,,,
34,34,Falcon 9 Block 5 | Starlink 20,8:24,3/4/2021,The launch vehicle successfully inserted its payload(s) into the target orbit(s).,2021-03-11T08:13:00Z,2021-03-11T08:13:00Z,2021-03-11T08:13:00Z,,,,SpaceX,Commercial,,,Falcon 9 Block 5,,A batch of 60 satellites for Starlink mega-constellation - SpaceX's project for space-based Internet communication system.,Low Earth Orbit,Space Launch Complex 40,28.5619412,-80.577357,,Cape Canaveral,,,,
35,35,Falcon 9 Block 5 | Starlink 19,3:59,2/16/2021,The launch vehicle successfully inserted its payload(s) into the target orbit(s).,2021-02-16T03:59:00Z,2021-02-16T03:59:00Z,2021-02-16T03:59:00Z,,,,SpaceX,Commercial,,,Falcon 9 Block 5,,A batch of 60 satellites for Starlink mega-constellation - SpaceX's project for space-based Internet communication system.,Low Earth Orbit,Space Launch Complex 40,28.5619412,-80.577357,,Cape Canaveral,,,,
36,36,Falcon 9 Block 5 | Starlink 18,6:19,2/4/2021,The launch vehicle successfully inserted its payload(s) into the target orbit(s).,2021-02-04T06:19:54Z,2021-02-04T06:19:54Z,2021-02-04T06:19:54Z,,,,SpaceX,Commercial,,,Falcon 9 Block 5,,A batch of 60 satellites for Starlink mega-constellation - SpaceX's project for space-based Internet communication system.,Low Earth Orbit,Space Launch Complex 40,28.5619412,-80.577357,,Cape Canaveral,,,,
37,37,Falcon 9 Block 5 | Transporter 1 (Dedicated SSO Rideshare),15:00,1/24/2021,The launch vehicle successfully inserted its payload(s) into the target orbit(s).,2021-01-24T15:00:00Z,2021-01-24T15:22:00Z,2021-01-24T15:00:00Z,,,,SpaceX,Commercial,,,Falcon 9 Block 5,,Transporter 1 mission is a dedicated rideshare flight to a sun-synchronous orbit with dozens of small microsatellites and nanosatellites for commercial and government customers.,Sun-Synchronous Orbit,Space Launch Complex 40,28.5619412,-80.577357,,Cape Canaveral,,,,
38,38,Falcon 9 Block 5 | T\u00fcrksat 5A,2:15,1/8/2021,The launch vehicle successfully inserted its payload(s) into the target orbit(s).,2021-01-08T02:15:00Z,2021-01-08T05:28:00Z,2021-01-08T01:28:00Z,,,,SpaceX,Commercial,,,Falcon 9 Block 5,,T\u00fcrksat 5A is the first of two Turkish next generation communications satellites,,,28.5619412,-80.577357,,Cape Canaveral,,,,
39,39,Falcon 9 Block 5 | Sirius SXM-7,17:30,12/13/2020,The launch vehicle successfully inserted its payload(s) into the target orbit(s).,2020-12-13T17:30:00Z,2020-12-13T18:21:00Z,2020-12-13T16:22:00Z,,,,SpaceX,Commercial,,,Falcon 9 Block 5,,SXM-7 is a large high power broadcasting satellite for SiriusXM's digital audio radio service (DARS).\r\n\r\nSpace Systems/Loral (SS/L) got in July 2016 the contract to build the two satellites based on their SSL-1300 bus - SXM-7 and SXM-8. Both operate in the S-band spectrum. Each satellite will generate more than 20-kW of power and will have a large unfurlable antenna reflector,,,28.5619412,-80.577357,,Cape Canaveral,,,,
40,40,Delta IV Heavy | NROL-44,1:09,12/11/2020,The launch vehicle successfully inserted its payload(s) into the target orbit(s).,2020-12-11T01:09:00Z,2020-12-11T03:30:00Z,2020-12-10T22:50:00Z,,,,United Launch Alliance,Commercial,,,Delta IV Heavy,,Classified payload for NRO.,Low Earth Orbit,Space Launch Complex 37B,28.5317,-80.56495,,Cape Canaveral,,,,
41,41,Falcon 9 Block 5 | Starlink 15,15:31,10/24/2020,The launch vehicle successfully inserted its payload(s) into the target orbit(s).,2020-11-25T02:13:00Z,2020-11-25T02:13:00Z,2020-11-25T02:13:00Z,,,,SpaceX,Commercial,,,Falcon 9 Block 5,,A batch of 60 satellites for Starlink mega-constellation - SpaceX's project for space-based Internet communication system.,Low Earth Orbit,Space Launch Complex 40,28.5619412,-80.577357,,Cape Canaveral,,,,
42,42,Atlas V 531 | NROL-101,23:22,11/13/2020,The launch vehicle successfully inserted its payload(s) into the target orbit(s).,2020-11-13T22:32:00Z,2020-11-14T01:05:00Z,2020-11-13T22:13:00Z,,,,United Launch Alliance,Commercial,,,Atlas V 531,,Classified payload for the U.S. National Reconnaissance Office.,Medium Earth Orbit,Space Launch Complex 41,28.5834103,-80.583036,,Cape Canaveral,,,,
43,43,Falcon 9 Block 5 | GPS III SV04,23:24,11/5/2020,The launch vehicle successfully inserted its payload(s) into the target orbit(s).,2020-11-05T23:24:23Z,2020-11-05T23:39:00Z,2020-11-05T23:24:00Z,,,,SpaceX,Commercial,,,Falcon 9 Block 5,,"GPS-IIIA (Global Positioning System) is the first evolution stage of the third generation of the GPS satellites. It consists of the first ten (known as \""tranche\"") of GPS III satellites.",Medium Earth Orbit,Space Launch Complex 40,28.5619412,-80.577357,,Cape Canaveral,,,,
44,44,Falcon 9 Block 5 | Starlink 14,12:25,10/18/2020,The launch vehicle successfully inserted its payload(s) into the target orbit(s).,2020-10-24T15:31:34Z,2020-10-24T15:31:34Z,2020-10-24T15:31:34Z,,,,SpaceX,Commercial,,,Falcon 9 Block 5,,A batch of 60 satellites for Starlink mega-constellation - SpaceX's project for space-based Internet communication system.,Low Earth Orbit,Space Launch Complex 40,28.5619412,-80.577357,,Cape Canaveral,,,,
45,45,Falcon 9 Block 5 | SAOCOM 1B,23:18,8/30/2020,The launch vehicle successfully inserted its payload(s) into the target orbit(s).,2020-08-30T23:18:00Z,2020-08-30T23:18:00Z,2020-08-30T23:18:00Z,,,,SpaceX,Commercial,,,Falcon 9 Block 5,,The SAOCOM 1B spacecraft is the second of the two SAOCOM constellation satellites. It is tasked with hydrology and land observation,,,28.5619412,-80.577357,,Cape Canaveral,,,,
46,46,Falcon 9 Block 5 | Starlink 10,5:12,8/7/2020,The launch vehicle successfully inserted its payload(s) into the target orbit(s).,2020-08-18T14:31:00Z,2020-08-18T14:31:00Z,2020-08-18T14:31:00Z,,,,SpaceX,Commercial,,,Falcon 9 Block 5,,A batch of 58 satellites for Starlink mega-constellation - SpaceX's project for space-based Internet communication system. This launch will also carry 3 SkySat Earth-imaging satellites as a rideshare.,Low Earth Orbit,Space Launch Complex 40,28.5619412,-80.577357,,Cape Canaveral,,,,
47,47,Atlas V 541 | Mars 2020 (Perseverance rover & Ingenuity helicopter),11:50,7/30/2020,The launch vehicle successfully inserted its payload(s) into the target orbit(s).,2020-07-30T11:50:00Z,2020-07-30T13:50:00Z,2020-07-30T11:50:00Z,,,,United Launch Alliance,Commercial,,,Atlas V 541,,Atop this ULA Atlas V rocket will be Perseverance,,Heliocentric N/A,28.5619412,-80.577357,,Cape Canaveral,,,,
48,48,Falcon 9 Block 5 | ANASIS-II,21:30,7/20/2020,The launch vehicle successfully inserted its payload(s) into the target orbit(s).,2020-07-20T21:30:00Z,2020-07-21T00:55:00Z,2020-07-20T21:00:00Z,,,,SpaceX,Commercial,,,Falcon 9 Block 5,,ANASIS-II is South Korea's first dedicated military satellite.,Geostationary Transfer Orbit,Space Launch Complex 40,28.5619412,-80.577357,,Cape Canaveral,,,,
49,49,Falcon 9 Block 5 | GPS III SV03,19:10,6/30/2020,The launch vehicle successfully inserted its payload(s) into the target orbit(s).,2020-06-30T20:10:46Z,2020-06-30T20:10:46Z,2020-06-30T19:55:00Z,,,,SpaceX,Commercial,,,Falcon 9 Block 5,,"GPS-IIIA (Global Positioning System) is the first evolution stage of the third generation of the GPS satellites. It consists of the first ten (known as \""tranche\"") of GPS III satellites.",Medium Earth Orbit,Space Launch Complex 40,28.5619412,-80.577357,,Cape Canaveral,,,,
50,50,Falcon 9 Block 5 | Starlink 8,9:21,6/13/2020,The launch vehicle successfully inserted its payload(s) into the target orbit(s).,2020-06-13T09:21:00Z,2020-06-13T09:21:00Z,2020-06-13T09:21:00Z,,,,SpaceX,Commercial,,,Falcon 9 Block 5,,A batch of 58 satellites for Starlink mega-constellation - SpaceX's project for space-based Internet communication system. This launch will also carry three SkySat Earth-imaging satellites as a rideshare for Planet.,Low Earth Orbit,Space Launch Complex 40,28.5619412,-80.577357,,Cape Canaveral,,,,
51,51,Falcon 9 Block 5 | Starlink 7,5:25,7/4/2020,The launch vehicle successfully inserted its payload(s) into the target orbit(s).,2020-06-04T01:25:00Z,2020-06-04T01:25:00Z,2020-06-04T01:25:00Z,,,,SpaceX,Commercial,,,Falcon 9 Block 5,,A batch of 60 satellites for Starlink mega-constellation - SpaceX's project for space-based Internet communication system.,Low Earth Orbit,Space Launch Complex 40,28.5619412,-80.577357,,Cape Canaveral,,,,
52,52,Atlas V 501 | OTV-6 (X-37B) (USSF-7),17:14,5/17/2020,The launch vehicle successfully inserted its payload(s) into the target orbit(s).,2020-05-17T13:14:00Z,2020-05-17T15:02:00Z,2020-05-17T13:14:00Z,,,,United Launch Alliance,Commercial,,,Atlas V 501,,It is the sixth flight of the X-37B program. United States Air Force Orbital Test Vehicle is built by Boeing. It's an unmanned 5000 kg,,,28.5834103,-80.577357,,Cape Canaveral,,,,
53,53,Atlas V 551 | AEHF-6,20:18,3/27/2020,The launch vehicle successfully inserted its payload(s) into the target orbit(s).,2020-03-26T20:18:00Z,2020-03-26T20:57:00Z,2020-03-26T18:57:00Z,,,,United Launch Alliance,Commercial,,,Atlas V 551,,This is the sixth and final satellite in the Advanced Extremely High Frequency (AEHF) system,,https://ll.thespacedevs.com/2.2.0/pad/29/,28.5834103,-80.577357,,Cape Canaveral,,,,
54,54,Falcon 9 Block 5 | SpX CRS-20,14:20,3/7/2020,The launch vehicle successfully inserted its payload(s) into the target orbit(s).,2020-03-07T04:50:31Z,2020-03-07T04:50:31Z,2020-03-07T04:50:31Z,,,,SpaceX,Commercial,,,Falcon 9 Block 5,,SpaceX launched the Dragon spacecraft on their 20th operational cargo delivery mission to the International Space Station. The flight was conducted under the Commercial Resupply Services contract with NASA.,Low Earth Orbit,Space Launch Complex 40,28.5619412,-80.577357,,Cape Canaveral,,,,
55,55,Atlas V 411 | Solar Orbiter,15:03,2/10/2020,The launch vehicle successfully inserted its payload(s) into the target orbit(s).,2020-02-10T04:03:00Z,2020-02-10T06:03:00Z,2020-02-10T04:03:00Z,,,,United Launch Alliance,Commercial,,,Atlas V 411,,Solar Orbiter is a joint ESA/NASA mission dedicated to solar and heliospheric physics. It will be used to examine how the Sun creates and controls the heliosphere,,,28.5619412,-80.577357,,Cape Canaveral,,,,
56,56,Falcon 9 Block 5 | Starlink 3,23:36,1/29/2020,The launch vehicle successfully inserted its payload(s) into the target orbit(s).,2020-01-29T14:06:00Z,2020-01-29T14:06:00Z,2020-01-29T14:06:00Z,,,,SpaceX,Commercial,,,Falcon 9 Block 5,,Second operational Starlink payload of 2020 and third overall. The Falcon 9 launch vehicle will carry a batch of 60 Starlink satellites that will be insterted in a Low Earth Orbit (LEO) at an altitude of 290 km (180 mi) and an inclination of 53\u00c2\u00b0. They will then split into three orbital planes and raise their orbits to reach an operational altitude of 550 km (342 mi). The Starlink LEO constellation aims to provide worldwide affordable satellite internet access. 182 satellites (120 operational) have been deployed so far,,Low Earth Orbit,28.5619412,-80.577357,,Cape Canaveral,,,,
57,57,Falcon 9 Block 5 | Starlink 2,11:49,1/7/2020,The launch vehicle successfully inserted its payload(s) into the target orbit(s).,2020-01-07T02:19:00Z,2020-01-07T02:19:00Z,2020-01-07T02:19:00Z,,,,SpaceX,Commercial,,,Falcon 9 Block 5,,A batch of 60 satellites for Starlink mega-constellation - SpaceX's project for space-based Internet communication system.,Low Earth Orbit,Space Launch Complex 40,28.5619412,-80.577357,,Cape Canaveral,,,,
58,58,Atlas V N22 | CST-100 Starliner Orbital Flight Test,21:06,12/20/2019,The launch vehicle successfully inserted its payload(s) into the target orbit(s).,2019-12-20T11:36:43Z,2019-12-20T11:36:43Z,2019-12-20T11:36:43Z,,,,United Launch Alliance,Commercial,,,Atlas V N22,,This is the first test flight of Starliner spacecraft to the International Space Station. Although Atlas V and Centaur upper stage successfully put Starliner into planned trajectory,Test Flight,https://ll.thespacedevs.com/2.2.0/pad/29/,28.5834103,-80.577357,,Cape Canaveral,,,,
59,59,Falcon 9 Block 5 | SpX CRS-19,17:29,12/5/2019,The launch vehicle successfully inserted its payload(s) into the target orbit(s).,2019-12-05T17:29:24Z,2019-12-05T17:29:24Z,2019-12-05T17:29:24Z,,,,SpaceX,Commercial,,,Falcon 9 Block 5,,SpaceX launched the Dragon spacecraft on their 19th operational cargo delivery mission to the International Space Station. The flight was conducted under the Commercial Resupply Services contract with NASA.\n\nDragon was filled with approximately 5,Resupply,https://ll.thespacedevs.com/2.2.0/pad/80/,28.5619412,-80.577357,,Cape Canaveral,,,,
60,60,Delta IV M+(4,6:57,8/22/2019,Success,2022-02-03T22:10:01Z,2019-08-22T13:06:00Z,2019-08-22T13:27:00Z,2019-08-22T13:00:30Z,,,https://ll.thespacedevs.com/2.2.0/agencies/124/,United Launch Alliance,Commercial,,,Delta IV M+(4,M+(4,"GPS-IIIA (Global Positioning System) is the first evolution stage of the third generation of the GPS satellites. It consists of the first ten (known as \""tranche\"") of GPS III satellites.",MEO,28.5317,-80.577357,,Cape Canaveral,,,,
61,61,Atlas V 551 | AEHF-5 (USA 292),10:13,8/8/2019,The launch vehicle successfully inserted its payload(s) into the target orbit(s).,2019-08-08T10:13:00Z,2019-08-08T11:44:00Z,2019-08-08T09:44:00Z,,,,United Launch Alliance,Commercial,,,Atlas V 551,,This is the fifth satellite in the Advanced Extremely High Frequency (AEHF) system,,GTO,28.5834103,-80.577357,,Cape Canaveral,,,,
62,62,Falcon 9 Block 5 | Amos-17,11:23,8/6/2019,The launch vehicle successfully inserted its payload(s) into the target orbit(s).,2019-08-06T23:23:00Z,2019-08-07T00:21:00Z,2019-08-06T22:53:00Z,,,,SpaceX,Commercial,,,Falcon 9 Block 5,,Amos-17 is a multi-band high-throughput satellite which will operate from 17\u00c2\u00b0E,,GTO,28.5619412,-80.577357,,Cape Canaveral,,,,
63,63,Falcon 9 Block 5 | SpX CRS-18,10:01,7/25/2019,The launch vehicle successfully inserted its payload(s) into the target orbit(s).,2019-07-25T22:01:56Z,2019-07-25T22:01:56Z,2019-07-25T22:01:56Z,,,,SpaceX,Commercial,,,Falcon 9 Block 5,,SpaceX launched the Dragon spacecraft on their 18th operational cargo delivery mission to the International Space Station. The flight was conducted under the Commercial Resupply Services contract with NASA.,Low Earth Orbit,Space Launch Complex 40,28.5619412,-80.577357,,Cape Canaveral,,,,
64,64,Falcon 9 Block 5 | SpX CRS-17,6:48,5/4/2019,The launch vehicle successfully inserted its payload(s) into the target orbit(s).,2019-05-04T06:48:58Z,2019-05-04T06:48:58Z,2019-05-04T06:48:58Z,,,,SpaceX,Commercial,,,Falcon 9 Block 5,,SpaceX launched the Dragon spacecraft on their 17th operational cargo delivery mission to the International Space Station. The flight was conducted under the Commercial Resupply Services contract with NASA.,Low Earth Orbit,Space Launch Complex 40,28.5619412,-80.577357,,Cape Canaveral,,,,
65,65,Falcon 9 Block 5 | Nusantara Satu & GTO-1 (Beresheet,1:45,2/21/2019,Success,2022-02-03T22:11:37Z,2019-02-22T01:45:00Z,2019-02-22T02:17:00Z,2019-02-22T01:45:00Z,,,https://ll.thespacedevs.com/2.2.0/agencies/121/,SpaceX,Commercial,,Falcon,Block 5,GTO-1 (Beresheet,Dedicated Rideshare,https://ll.thespacedevs.com/2.2.0/pad/80/,28.5619412,-80.577357,,Cape Canaveral,,,,
66,66,Falcon 9 Block 5 | GPS III SV01,13:51,12/23/2018,The launch vehicle successfully inserted its payload(s) into the target orbit(s).,2018-12-23T13:51:00Z,2018-12-23T14:17:00Z,2018-12-23T13:51:00Z,,,,SpaceX,Commercial,,,Falcon 9 Block 5,,"GPS-IIIA (Global Positioning System) is the first evolution stage of the third generation of the GPS satellites. It consists of the first ten (known as \""tranche\",,,28.5619412,-80.577357,,Cape Canaveral,,,,
67,67,Falcon 9 Block 5 | SpX CRS-16,18:16,12/5/2018,The launch vehicle successfully inserted its payload(s) into the target orbit(s).,2018-12-05T18:16:16Z,2018-12-05T18:16:16Z,2018-12-05T18:16:16Z,,,,SpaceX,Commercial,,,Falcon 9 Block 5,,SpaceX launched the Dragon spacecraft on their 16th operational cargo delivery mission to the International Space Station. The flight was conducted under the Commercial Resupply Services contract with NASA.,Low Earth Orbit,Space Launch Complex 40,28.5619412,-80.577357,,Cape Canaveral,,,,
68,68,Falcon 9 Block 5 | Telstar 18 VANTAGE,4:45,9/9/2018,The launch vehicle successfully inserted its payload(s) into the target orbit(s).,2018-09-10T04:45:00Z,2018-09-10T07:28:00Z,2018-09-10T03:28:00Z,,,,SpaceX,Commercial,,,Falcon 9 Block 5,,Telstar 18 VANTAGE,Communications,https://ll.thespacedevs.com/2.2.0/pad/80/,28.5619412,-80.577357,,Cape Canaveral,,,,
69,69,Delta IV Heavy | Parker Solar Probe,7:36,8/12/2018,The launch vehicle successfully inserted its payload(s) into the target orbit(s).,2018-08-12T07:31:00Z,2018-08-12T08:36:00Z,2018-08-12T07:31:00Z,,,,United Launch Alliance,Commercial,,,Delta IV Heavy,,Flying into the Sun\u00e2\u20ac\u2122s atmosphere (or corona) for the first time. Coming closer to the Sun than any previous spacecraft,,,28.5317,-80.56495,,Cape Canaveral,,,,
70,70,Falcon 9 Block 5 | Merah Putih (Telkom-4),5:18,8/7/2018,The launch vehicle successfully inserted its payload(s) into the target orbit(s).,2018-08-07T05:18:00Z,2018-08-07T07:18:00Z,2018-08-07T05:18:00Z,,,,SpaceX,Commercial,,,Falcon 9 Block 5,,Telkom-4,Communications,https://ll.thespacedevs.com/2.2.0/pad/80/,28.5619412,-80.577357,,Cape Canaveral,,,,
71,71,Falcon 9 Block 5 | Telstar 19 VANTAGE,5:50,7/22/2018,The launch vehicle successfully inserted its payload(s) into the target orbit(s).,2018-07-22T05:50:00Z,2018-07-22T09:50:00Z,2018-07-22T05:50:00Z,,,,SpaceX,Commercial,,,Falcon 9 Block 5,,Telstar 19 VANTAGE,,,28.5619412,-80.577357,,Cape Canaveral,,,,
72,72,Falcon 9 Block 4 | SpX CRS-15,9:42,6/19/2018,The launch vehicle successfully inserted its payload(s) into the target orbit(s).,2018-06-29T09:42:41Z,2018-06-29T09:42:41Z,2018-06-29T09:42:41Z,,,,SpaceX,Commercial,,,Falcon 9 Block 4,,SpaceX launched the Dragon spacecraft on their 15th operational cargo delivery mission to the International Space Station. The flight was conducted under the Commercial Resupply Services contract with NASA.,Low Earth Orbit,Space Launch Complex 40,28.5619412,-80.577357,,Cape Canaveral,,,,
73,73,Falcon 9 Block 4 | TESS (Transiting Exoplanet Survey Satellite),22:51,4/18/2018,The launch vehicle successfully inserted its payload(s) into the target orbit(s).,2018-04-18T22:51:30Z,2018-04-18T22:52:01Z,2018-04-18T22:51:31Z,,,,SpaceX,Commercial,,,Falcon 9 Block 4,,The Transiting Exoplanet Survey Satellite (TESS) is a NASA space telescope,,,28.5619412,-80.577357,,Cape Canaveral,,,,
74,74,Atlas V 551 | AFSPC-11,23:13,4/14/2018,The launch vehicle successfully inserted its payload(s) into the target orbit(s).,2018-04-14T23:13:00Z,2018-04-15T01:11:00Z,2018-04-14T23:13:00Z,,,,United Launch Alliance,Commercial,,,Atlas V 551,,Primary payload of the mission is the Continuous Broadcast Augmenting SATCOM (CBAS) satellite,,,28.5834103,-80.583036,,Cape Canaveral,,,,
75,75,Falcon 9 Block 4 | SpX CRS-14,20:30,4/2/2018,The launch vehicle successfully inserted its payload(s) into the target orbit(s).,2018-04-02T20:30:38Z,2018-04-02T20:30:38Z,2018-04-02T20:30:38Z,,,,SpaceX,Commercial,,,Falcon 9 Block 4,,SpaceX launched the Dragon spacecraft on their 14th operational cargo delivery mission to the International Space Station. The flight was conducted under the Commercial Resupply Services contract with NASA.,Low Earth Orbit,Space Launch Complex 40,28.5619412,-80.577357,,Cape Canaveral,,,,
76,76,Atlas V 541 | GOES-S,22:02,3/1/2018,The launch vehicle successfully inserted its payload(s) into the target orbit(s).,2018-03-01T22:02:00Z,2018-03-02T00:02:00Z,2018-03-01T22:02:00Z,,,,United Launch Alliance,Commercial,,,Atlas V 541,,The Geostationary Operational Environmental Satellite-S Series (GOES-S) is the second of the next generation of geostationary weather satellites. The four satellites of the series will provide advanced imaging with increased spatial resolution and faster coverage for more accurate forecasts,,,28.5834103,-80.583036,,Cape Canaveral,,,,
77,77,Falcon 9 Full Thrust | GovSat (SES-16),21:25,1/31/2018,The launch vehicle successfully inserted its payload(s) into the target orbit(s).,2018-01-31T21:25:00Z,2018-01-31T23:46:00Z,2018-01-31T21:25:00Z,,,,SpaceX,Commercial,,,Falcon 9 Full Thrust,,GovSat,,GTO,28.5619412,-80.583036,,Cape Canaveral,,,,
78,78,Atlas V 411 | SBIRS GEO Flight 4 (SBIRS GEO-3),12:48,1/20/2018,The launch vehicle successfully inserted its payload(s) into the target orbit(s).,2018-01-20T00:48:00Z,2018-01-20T01:32:00Z,2018-01-20T00:48:00Z,,,,United Launch Alliance,Commercial,,,Atlas V 411,,This geostationary satellite is tasked with providing capabilities for early missile warning and missile defense.,Geostationary Transfer Orbit,Space Launch Complex 41,28.5834103,-80.583036,,Cape Canaveral,,,,
79,79,Falcon 9 Block 4 | Zuma,1:00,1/8/2018,The launch vehicle successfully inserted its payload(s) into the target orbit(s).,2018-01-08T01:00:00Z,2018-01-08T03:00:00Z,2018-01-08T01:00:00Z,,,,SpaceX,Commercial,,,Falcon 9 Block 4,,Unknown payload built by Northrop Grumman for an undisclosed customer,,,28.5619412,-80.577357,,Cape Canaveral,,,,
80,80,Falcon 9 Full Thrust | SpX CRS-13,15:36,12/15/2017,The launch vehicle successfully inserted its payload(s) into the target orbit(s).,2017-12-15T15:36:09Z,2017-12-15T15:36:09Z,2017-12-15T15:36:09Z,,,,SpaceX,Commercial,,,Falcon 9 Full Thrust,,SpaceX launched the Dragon spacecraft on their 13th operational cargo delivery mission to the International Space Station. The flight was conducted under the Commercial Resupply Services contract with NASA.,Low Earth Orbit,Space Launch Complex 40,28.5619412,-80.577357,,Cape Canaveral,,,,
81,81,Minotaur IV | ORS-5,6:04,8/26/2017,The launch vehicle successfully inserted its payload(s) into the target orbit(s).,2017-08-26T06:04:00Z,2017-08-26T07:15:00Z,2017-08-26T03:15:00Z,,,,Orbital ATK,Commercial,,,Minotaur IV,,Also known as SensorSat,Government/Top Secret,https://ll.thespacedevs.com/2.2.0/pad/27/,28.4584,-80.583036,,Cape Canaveral,,,,
82,82,Atlas V 401 | TDRS-M,12:29,8/18/2017,The launch vehicle successfully inserted its payload(s) into the target orbit(s).,2017-08-18T12:29:00Z,2017-08-18T12:43:00Z,2017-08-18T12:03:00Z,,,,United Launch Alliance,Commercial,,,Atlas V 401,,TDRS-M is an American communications satellite which is operated by NASA as part of the Tracking and Data Relay Satellite System,,,28.5834103,-80.583036,,Cape Canaveral,,,,
83,83,Atlas V 401 | Cygnus CRS OA-7 (S.S. John Glenn),15:11,4/18/2017,The launch vehicle successfully inserted its payload(s) into the target orbit(s).,2017-04-18T15:11:26Z,2017-04-18T15:41:00Z,2017-04-18T15:11:00Z,,,,United Launch Alliance,Commercial,,,Atlas V 401,,This is the eighth planned flight of the Orbital ATK's unmanned resupply spacecraft Cygnus and its seventh flight to the International Space Station under the Commercial Resupply Services contract with NASA. Orbital ATK named the vehicle after astronaut John Glenn,,,28.5834103,-80.583036,,Cape Canaveral,,,,
84,84,Atlas V 401 | SBIRS GEO Flight 3 (SBIRS GEO-4),1:22,1/21/2017,The launch vehicle successfully inserted its payload(s) into the target orbit(s).,2017-01-21T00:42:00Z,2017-01-21T01:22:00Z,2017-01-21T00:42:00Z,,,,United Launch Alliance,Commercial,,,Atlas V 401,,This geostationary satellite is tasked with providing capabilities for early missile warning and missile defense.,Geostationary Transfer Orbit,Space Launch Complex 41,28.5834103,-80.583036,,Cape Canaveral,,,,
86,86,Delta IV M+(5,23:53,12/7/2016,Success,2022-02-03T22:12:54Z,2016-12-07T23:53:00Z,2016-12-08T00:42:00Z,2016-12-07T23:53:00Z,,,https://ll.thespacedevs.com/2.2.0/agencies/124/,United Launch Alliance,Commercial,,,Delta IV M+(5,M+(5,WGS-8 is the eighth of 10 high-capacity military communications satellites providing vital service for tactical forces who rely on WGS for connectivity to the Defence Information Systems Network (DISN).,GTO,28.5317,-80.583036,,Cape Canaveral,,,,
87,87,Atlas V 541 | GOES-R,23:42,11/19/2016,The launch vehicle successfully inserted its payload(s) into the target orbit(s).,2016-11-19T23:42:00Z,2016-11-19T23:42:00Z,2016-11-19T22:42:00Z,,,,United Launch Alliance,Commercial,,,Atlas V 541,,The Geostationary Operational Environmental Satellite-R Series (GOES-R) is the next generation of geostationary weather satellites. The four satellites of the series will provide advanced imaging with increased spatial resolution and faster coverage for more accurate forecasts,,,28.5834103,-80.583036,,Cape Canaveral,,,,
88,88,Atlas V 411 | OSIRIS-REx,23:05,9/8/2016,The launch vehicle successfully inserted its payload(s) into the target orbit(s).,2016-09-08T23:05:00Z,2016-09-09T01:05:00Z,2016-09-08T23:05:00Z,,,,United Launch Alliance,Commercial,,,Atlas V 411,,The Origins-Spectral Interpretation-Resource Identification-Security-Regolith Explorer (OSIRIS REx) mission will be the first U.S. mission to carry samples from an asteroid back to Earth and will help scientists investigate how planets formed and how life began,,,28.5834103,-80.583036,,Cape Canaveral,,,,
90,90,Delta IV M+(4,4:52,8/19/2016,Success,2022-02-03T22:10:42Z,2016-08-19T04:52:00Z,2016-08-19T05:52:00Z,2016-08-19T04:47:00Z,,,https://ll.thespacedevs.com/2.2.0/agencies/124/,United Launch Alliance,Commercial,,,Delta IV M+(4,M+(4,The third and fourth satellites in the Geosynchronous Space Situational Awareness Program (GSSAP) will be launched for the US Air Force.,GTO,28.5834103,-80.583036,,Cape Canaveral,,,,
91,91,Falcon 9 Full Thrust | JCSAT-16,5:26,8/14/2016,The launch vehicle successfully inserted its payload(s) into the target orbit(s).,2016-08-14T05:26:00Z,2016-08-14T07:26:00Z,2016-08-14T05:26:00Z,,,,SpaceX,Commercial,,,Falcon 9 Full Thrust,,JCSAT-16 is planned to be a communication satellite for SKY Perfect JSAT. The 8.5-kW satellite will operate in Ku- and Ka-bands and is equipped with switching for flexibility. JCSAT-16 will enhance SKY Perfect JSAT\u00e2\u20ac\u2122s fleet capacity and strengthen the services provided to various regions.JCSAT is schedule for a life time of 15 years.,Geostationary Transfer Orbit,Space Launch Complex 40,28.5619412,-80.577357,,Cape Canaveral,,,,
92,92,Atlas V 421 | NROL-61,12:37,7/28/2016,The launch vehicle successfully inserted its payload(s) into the target orbit(s).,2016-07-28T12:37:00Z,2016-07-28T16:00:00Z,2016-07-28T12:00:00Z,,,,United Launch Alliance,Commercial,,,Atlas V 421,,Classified payload for the National Reconnaissance Office.,Geostationary Transfer Orbit,Space Launch Complex 41,28.5834103,-80.583036,,Cape Canaveral,,,,
93,93,Falcon 9 Full Thrust | SpX CRS-9,4:45,7/16/2016,The launch vehicle successfully inserted its payload(s) into the target orbit(s).,2016-07-18T04:45:00Z,2016-07-18T04:45:29Z,2016-07-18T04:45:29Z,,,,SpaceX,Commercial,,,Falcon 9 Full Thrust,,SpaceX launched the Dragon spacecraft on their ninth operational cargo delivery mission to the International Space Station. The flight was conducted under the Commercial Resupply Services contract with NASA.,Low Earth Orbit,Space Launch Complex 40,28.5619412,-80.577357,,Cape Canaveral,,,,
94,94,Falcon 9 Full Thrust | Eutelsat 117 West B & ABS-2A,14:29,6/17/2016,The launch vehicle successfully inserted its payload(s) into the target orbit(s).,2016-06-15T14:29:00Z,2016-06-15T15:13:00Z,2016-06-15T14:29:00Z,,,,SpaceX,Commercial,,,Falcon 9 Full Thrust,,Eutelsat 117 West B and ABS 2A will be launched atop a Falcon 9 Full Thrust. Both sattelites will be launched into a geostationary orbit to provide communications services. Eutelsat 117 West B with 48 Ku-band transponders in a inclination at 116.8 degrees west will provide communications to Latin American customers in the video telecommunications and government sectors. Also Wide Are Augmentation System (WAAS) payload will enable the United States Federal Aviation Administration (FAA) improve aviation safety for the United States. ABS 2A with 48 Ku-band transponders in a inclination 78 degree orbit east. it will serve Eastern Europe,Communications,https://ll.thespacedevs.com/2.2.0/pad/80/,28.5619412,-80.583036,,Cape Canaveral,,,,
95,95,Delta IV Heavy | NROL-37,17:51,6/11/2016,The launch vehicle successfully inserted its payload(s) into the target orbit(s).,2016-06-11T17:51:00Z,2016-06-11T17:51:00Z,2016-06-11T17:51:00Z,,,,United Launch Alliance,Commercial,,,Delta IV Heavy,,Classified payload for the National Reconnaissance Office.,Geostationary Transfer Orbit,Space Launch Complex 37A,28.533482,-80.583036,,Cape Canaveral,,,,
96,96,Falcon 9 Full Thrust | Thaicom 8,21:39,5/27/2016,The launch vehicle successfully inserted its payload(s) into the target orbit(s).,2016-05-27T21:39:00Z,2016-05-27T23:39:00Z,2016-05-27T21:39:00Z,,,,SpaceX,Commercial,,,Falcon 9 Full Thrust,,Thaicom 8 will be launched into a geostationary transfer orbit (GTO) on a Falcon 9 Full Trust for a 30 days testing phase following a in orbit burn of the satellite propulsion system to put the spacecraft into a geosynchronous orbit (GSO)at 78.5 degrees east longitude. Where Thaicom 8 will provide broadcast and data services for up to 15 years. The Falcon 9 first stage will test a experimental ballistic landing off the coast where it is schedule to land on the Autonomous Spaceport Drone Ship (ASDS). Even if the landing fails the knowledge learned from the attempt will help for future missions.,Geostationary Transfer Orbit,Space Launch Complex 40,28.5619412,-80.577357,,Cape Canaveral,,,,
97,97,Falcon 9 Full Thrust | JCSAT-14,5:21,5/6/2016,The launch vehicle successfully inserted its payload(s) into the target orbit(s).,2016-05-06T05:21:00Z,2016-05-06T07:21:00Z,2016-05-06T05:21:00Z,,,,SpaceX,Commercial,,,Falcon 9 Full Thrust,,Built on the LS-1300 bus by SSL,,,28.5619412,-80.577357,,Cape Canaveral,,,,
98,98,Falcon 9 Full Thrust | SpX CRS-8,20:43,4/8/2016,The launch vehicle successfully inserted its payload(s) into the target orbit(s).,2016-04-08T20:43:32Z,2016-04-08T20:43:32Z,2016-04-08T20:43:32Z,,,,SpaceX,Commercial,,,Falcon 9 Full Thrust,,SpaceX launched the Dragon spacecraft on their eighth operational cargo delivery mission to the International Space Station. Among the cargo was the Bigelow Aerospace\u00e2\u20ac\u2122s BEAM module,,,28.5619412,-80.577357,,Cape Canaveral,,,,
99,99,Atlas V 401 | GPS IIF-12 (USA-266),13:28,2/5/2016,The launch vehicle successfully inserted its payload(s) into the target orbit(s).,2016-02-05T13:38:00Z,2016-02-05T13:57:00Z,2016-02-05T13:38:00Z,,,,United Launch Alliance,Commercial,,,Atlas V 401,,GPS IIF-12 is a next-generation GPS satellite which provides navigational assistance for U.S. military operations on land,Navigation,https://ll.thespacedevs.com/2.2.0/pad/29/,28.5834103,-80.577357,,Cape Canaveral,,,,
100,100,Falcon 9 Full Thrust | Orbcomm OG2 Mission 2,1:29,12/22/2015,The launch vehicle successfully inserted its payload(s) into the target orbit(s).,2015-12-22T01:29:00Z,2015-12-22T01:34:00Z,2015-12-22T01:29:00Z,,,,SpaceX,Commercial,,,Falcon 9 Full Thrust,,11 next generation Orbcomm-2 F satellites will be launched into Low Earth Orbit to enhance Orbcomm\u00e2\u20ac\u2122s existing M2M network. The satellites will feature larger message and better performance,,,28.5619412,-80.577357,,Cape Canaveral,,,,
101,101,Atlas V 401 | Cygnus CRS Orb-4 (S.S. Deke Slayton II),16:31,10/31/2015,The launch vehicle successfully inserted its payload(s) into the target orbit(s).,2015-12-06T21:44:57Z,2015-12-06T22:14:56Z,2015-12-06T21:44:57Z,,,,United Launch Alliance,Commercial,,,Atlas V 401,,This is the 4th mission under NASA's Commercial Resupply Service agreement with Orbital ATK. The unmanned Cygnus cargo vessel delievered approximately 3,,,28.5834103,-80.583036,,Cape Canaveral,,,,
102,102,Atlas V 421 | Mexsat-2 (Morelos III),10:28,10/2/2015,The launch vehicle successfully inserted its payload(s) into the target orbit(s).,2015-10-02T10:28:00Z,2015-10-02T10:28:00Z,2015-10-02T10:28:00Z,,,,United Launch Alliance,Commercial,,,Atlas V 421,,https://ll.thespacedevs.com/2.2.0/pad/29/,https://en.wikipedia.org/wiki/Cape_Canaveral_Air_Force_Station_Space_Launch_Complex_41,,28.5834103,-80.583036,,Cape Canaveral,,,,
103,103,Atlas V 551 | MUOS-4,10:18,9/2/2015,The launch vehicle successfully inserted its payload(s) into the target orbit(s).,2015-09-02T10:18:00Z,2015-09-02T10:43:00Z,2015-09-02T10:18:00Z,,,,United Launch Alliance,Commercial,,,Atlas V 551,,MUOS-4 is the fourth in a Lockheed Martin-built,Government/Top Secret,https://ll.thespacedevs.com/2.2.0/pad/29/,28.5834103,-80.583036,,Cape Canaveral,,,,
104,104,Delta IV M+(5,0:07,7/24/2015,Success,2022-02-03T22:05:32Z,2015-07-24T00:07:00Z,2015-07-24T00:46:00Z,2015-07-24T00:07:00Z,,,https://ll.thespacedevs.com/2.2.0/agencies/124/,United Launch Alliance,Commercial,,,Delta IV M+(5,M+(5,WGS-7 is the seventh of 10 high-capacity military communications satellites providing vital service for tactical forces who rely on WGS for connectivity to the Defence Information Systems Network (DISN).,GTO,28.5317,-80.583036,,Cape Canaveral,,,,
105,105,Atlas V 401 | GPS IIF-10 (USA-262),15:36,7/15/2015,The launch vehicle successfully inserted its payload(s) into the target orbit(s).,2015-07-15T15:36:00Z,2015-07-15T15:55:00Z,2015-07-15T15:36:00Z,,,,United Launch Alliance,Commercial,,,Atlas V 401,,GPS IIF-10 is one of the next-generation GPS satellites for the U.S. Air Force,,,28.5317,-80.583036,,Cape Canaveral,,,,
106,106,Falcon 9 v1.1 | SpX CRS-7,14:21,6/28/2015,Either the launch vehicle did not reach orbit,2022-02-03T22:06:10Z,2015-06-28T14:21:11Z,2015-06-28T14:21:11Z,2015-06-28T14:21:11Z,,,https://ll.thespacedevs.com/2.2.0/agencies/121/,SpaceX,Commercial,,Falcon,v1.1,SpX CRS-7,Resupply,https://ll.thespacedevs.com/2.2.0/pad/80/,28.5619412,-80.583036,,Cape Canaveral,,,,
107,107,Falcon 9 v1.1 | T\u00fcrkmen\u00c4lem 52E/MonacoSAT,23:03,4/27/2015,The launch vehicle successfully inserted its payload(s) into the target orbit(s).,2015-04-27T23:03:00Z,2015-04-27T23:03:00Z,2015-04-27T23:03:00Z,,,,SpaceX,Commercial,,,Falcon 9 v1.1,,A geostationary satellite built by Thales Alenia Space stationed at 52 degrees East providing coverage of Europe,Communications,https://ll.thespacedevs.com/2.2.0/pad/80/,28.5619412,-80.583036,,Cape Canaveral,,,,
108,108,Falcon 9 v1.1 | SpX CRS-6,21:10,1/14/2015,The launch vehicle successfully inserted its payload(s) into the target orbit(s).,2015-04-14T20:10:41Z,2015-04-14T20:10:41Z,2015-04-14T20:10:41Z,,,,SpaceX,Commercial,,,Falcon 9 v1.1,,A SpaceX Falcon 9 rocket launched the eighth Dragon spacecraft on the sixth operational cargo delivery mission to the International Space Station. The flight was conducted under the Commercial Resupply Services contract with NASA.,Low Earth Orbit,Space Launch Complex 40,28.5619412,-80.577357,,Cape Canaveral,,,,
109,109,Atlas V 421 | MMS,2:44,3/14/2015,The launch vehicle successfully inserted its payload(s) into the target orbit(s).,2015-03-13T02:44:00Z,2015-03-13T02:44:00Z,2015-03-13T02:44:00Z,,,,United Launch Alliance,Commercial,,,Atlas V 421,,https://ll.thespacedevs.com/2.2.0/pad/29/,https://en.wikipedia.org/wiki/Cape_Canaveral_Air_Force_Station_Space_Launch_Complex_41,,28.5619412,-80.577357,,Cape Canaveral,,,,
110,110,Falcon 9 v1.1 | Eutelsat 115 West B & ABS-3A,3:50,3/2/2015,The launch vehicle successfully inserted its payload(s) into the target orbit(s).,2015-03-02T03:50:00Z,2015-03-02T03:50:00Z,2015-03-02T03:50:00Z,,,,SpaceX,Commercial,,,Falcon 9 v1.1,,These are both geostationary communication satellites,,GTO,28.5619412,-80.577357,,Cape Canaveral,,,,
111,111,Falcon 9 | DSCOVR,23:03,2/11/2015,The launch vehicle successfully inserted its payload(s) into the target orbit(s).,2015-02-11T23:03:32Z,2015-02-11T23:03:32Z,2015-02-11T23:03:32Z,,,,SpaceX,Commercial,,,Falcon 9 v1.1,,A SpaceX Falcon 9 rocket will launch the Deep Space Climate Observatory for the U.S Air Force,,,28.5619412,-80.577357,,Cape Canaveral,,,,
112,112,Atlas V 551 | MUOS-3,1:04,1/21/2015,The launch vehicle successfully inserted its payload(s) into the target orbit(s).,2015-01-21T01:04:00Z,2015-01-21T01:04:00Z,2015-01-21T01:04:00Z,,,,United Launch Alliance,Commercial,,,Atlas V 551,,A United Launch Alliance Atlas 5 rocket,Government/Top Secret,https://ll.thespacedevs.com/2.2.0/pad/29/,28.5834103,-80.577357,,Cape Canaveral,,,,
113,113,Falcon 9 v1.1 | SpX CRS-5,9:47,1/10/2015,The launch vehicle successfully inserted its payload(s) into the target orbit(s).,2015-01-10T09:47:10Z,2015-01-10T09:47:10Z,2015-01-10T09:47:10Z,,,,SpaceX,Commercial,,,Falcon 9 v1.1,,A SpaceX Falcon 9 rocket launched the seventh Dragon spacecraft on the fifth operational cargo delivery mission to the International Space Station. The flight was conducted under the Commercial Resupply Services contract with NASA.,Low Earth Orbit,Space Launch Complex 40,28.5619412,-80.577357,,Cape Canaveral,,,,
